Date,AAPL,MSFT,JPM,GLD,SPY
2022-11-08,0.004174924211775677,0.004388379250015673,0.0006089287412678335,0.023099074133724695,0.005395430568197801
2022-11-09,-0.03318976356300618,-0.01905008863930724,-0.013008571496242571,-0.0050172660211307285,-0.02060208387459128
2022-11-10,0.08897455334314142,0.08226796302180905,0.04115908491270237,0.030444387121793204,0.05495426427615846
2022-11-11,0.019268677986230554,0.01699747873231483,0.0016287141167650176,0.006606324071935177,0.009678391360604888
2022-11-14,-0.009485749926532172,-0.022500115337012905,-0.010273442179314252,0.002187655661719301,-0.008506549736085889
2022-11-15,0.01186940864174435,0.0017386397486001126,-0.007243506483348705,0.0035168677995043307,0.008528829778561065
2022-11-16,-0.008331140050526598,0.001823518090217302,0.001353754335607027,-0.0022961020109516506,-0.0076287090796473
2022-11-17,0.012971360484867578,-0.00020688917069056068,-0.004357036580754925,-0.007267423593311895,-0.003059695257568884
2022-11-18,0.0037818459280731798,-0.001903296754916739,0.009808456380123287,-0.006893636502166456,0.004540230390336797
2022-11-21,-0.021680050215540425,0.0034408972799877535,-0.005902521123111626,-0.005589952950737276,-0.00363598610515814
2022-11-22,0.014661028661948183,0.012311509129164344,0.014956659546417672,0.00117372396636517,0.013456863597590019
2022-11-23,0.0059262342715129535,0.010406762237959777,0.010663445340246325,0.006231840940288613,0.006301776448913499
2022-11-25,-0.0195934869744816,-0.00036337442758604954,0.0019051922915220842,0.000858470616118101,-0.00022370482531541835
2022-11-28,-0.026264403626247268,-0.02315244772711389,-0.017478422686811323,-0.007903495498554403,-0.01595701882939604
2022-11-29,-0.02114824889752398,-0.0059151215979278415,0.01644949981910493,0.004940425418036076,-0.0017177032670416814
2022-11-30,0.048594154675430934,0.06162370980832477,0.011863043919351668,0.012781920270785507,0.03150062434829626
2022-12-01,0.0018915202920561924,-0.001763708962105981,-0.014039636121947474,0.01838479961277617,-0.0007357758835863093
2022-12-02,-0.003371390020986076,0.0012957901362469215,-0.007927230493789517,-0.0034556830535615868,-0.0011537698675213592
2022-12-05,-0.007983219713319278,-0.018900669669814962,-0.02804091339977599,-0.017158885635801036,-0.0179891540235253
2022-12-06,-0.02537024435874402,-0.020303729791366854,0.0016746478352733796,0.0027373742314797944,-0.014414607842450633
2022-12-07,-0.01378463835951238,-0.00305978240331517,-0.0006841336429694866,0.009039101712364994,-0.0017015831408750959
2022-12-08,0.012132706937382665,0.012399345693964614,0.010494419578505276,0.0008416965556858891,0.007834121099530078
2022-12-09,-0.0034350841556024525,-0.008003267643240664,-0.005418391410297652,0.003544160110315664,-0.0074701925401921
2022-12-12,0.016390171796543562,0.02888920829225361,0.015511691901641811,-0.008260534556326027,0.014417222236192462
2022-12-13,0.006782465785934333,0.017464817436655844,-0.0009687385196803788,0.017081132038632596,0.007569855633046796
2022-12-14,-0.0155358948717782,0.0011677000733409937,-0.004996962672578542,-0.0024330212847030186,-0.006393444399642845
2022-12-15,-0.04685405667297715,-0.031918366757992866,-0.024810787695219716,-0.01635930934057528,-0.02446175181117216
2022-12-16,-0.014578986353193657,-0.017348570750066683,-0.006226077620349657,0.008708721678036602,-0.011806145440703797
2022-12-19,-0.015909527275504987,-0.01732810668321305,0.005955721949570059,-0.0028178306902848504,-0.008479627478806262
2022-12-20,-0.0005287364088265578,0.005614446565280318,0.004843944910958742,0.016594482836064905,0.0013682867986437586
2022-12-21,0.02380935115231475,0.010876756194656112,0.011247864605994362,-0.0016560135809358112,0.014952398325363436
2022-12-22,-0.023772591221696726,-0.0255287162489779,-0.01134969403326802,-0.012085358459954287,-0.014266117497648723
2022-12-23,-0.002798143402421127,0.002266982234574222,0.004744998158194846,0.002998321039039853,0.005752335225946759
2022-12-27,-0.01387823922788256,-0.007414031102363161,0.0035041473774304333,0.008430011409881644,-0.003943597096229601
2022-12-28,-0.030685270356209826,-0.010254964453523696,0.005465215170633142,-0.004505807286929064,-0.012427879581901391
2022-12-29,0.028324244331090487,0.027629583218052423,0.005737529898989235,0.005598251568726287,0.018000274636295943
2022-12-30,0.0024687820577680153,-0.004937468949940849,0.006605692404218377,0.0046786689817972515,-0.0026339064813779567
2023-01-03,-0.03740458569830829,-0.0010008080072964054,0.007605937902217308,0.008370656531798915,-0.004210100267678429
2023-01-04,0.010314259142203852,-0.043743213889986254,0.00932521985422019,0.0094119059589024,0.007720437427451765
2023-01-05,-0.010604689244857024,-0.029637643021498405,-0.00022160115538594205,-0.012451461859522062,-0.011413533087896277
2023-01-06,0.03679410221013013,0.0117851500767725,0.019135666354584968,0.01870749684189077,0.022932251030094886
2023-01-09,0.0040888119977959825,0.00973665434831994,-0.004132103889857519,0.0022451175785793698,-0.0005669586205849786
2023-01-10,0.004456722707908867,0.0076171802851681125,0.008953730097578383,0.0036760446135073455,0.007012778617966342
2023-01-11,0.02111222822285086,0.030237981018213178,0.007431410219374657,-0.000686793935011365,0.012647891277927759
2023-01-12,-0.0005995313639988176,0.011621572676151715,-0.001002506324211172,0.011568000967502767,0.00364067918582478
2023-01-13,0.010119159326739569,0.0030185220625018605,0.02523465855501006,0.012001783992939385,0.0038797714989617926
2023-01-17,0.008756306401943137,0.0046818477702963435,-0.015453671487172138,-0.00654507834469964,-0.001832105283977481
2023-01-18,-0.005369794603705902,-0.018889073658816313,-0.03004217400570819,-0.0028717524486322477,-0.01578789008072956
2023-01-19,0.0004435852491653236,-0.01645399721402052,-0.013326618037495574,0.015868520044824974,-0.007279904513966096
2023-01-20,0.01922059702339385,0.035743591715893475,0.002448888003208305,-0.003335405556458948,0.018629083524022372
2023-01-23,0.02350077835729003,0.00982431767907821,0.016212750775575824,0.0018964337632443318,0.01199857354974232
2023-01-24,0.010063079157252908,-0.0022260849351559697,0.008596102241720693,0.003618515163479552,-0.0010733504042268471
2023-01-25,-0.004701038243202893,-0.005908149980416777,0.004839330960904498,0.004603959599926544,0.00037475146416454663
2023-01-26,0.014803586919778677,0.030713581161163406,0.0061817489524367275,-0.009055266877154966,0.010990462835228643
2023-01-27,0.013684200230088983,0.0006452193028789743,0.002428869892173058,-0.0013929904624704337,0.002297762166874051
2023-01-30,-0.020078221410873898,-0.021961643474758707,-0.00848050483440499,-0.002566715270248765,-0.012546806105100061
2023-01-31,0.009021010538002416,0.021012796473788065,0.005965382728124524,0.0036362115419990015,0.014703246875160003
2023-02-01,0.007900967336040843,0.019934568997752145,-0.002643508756229429,0.012596814339808304,0.010627699706333704
2023-02-02,0.03706244337439912,0.046884394637443316,-0.004656336129191252,-0.02075193653580043,0.014557188602979387
2023-02-03,0.024399895718347553,-0.023620715851134233,0.015474040160408764,-0.024957770292002968,-0.010629201843418756
2023-02-06,-0.01792889157483013,-0.006115778774428593,0.0058829764619676705,0.0020754098721176284,-0.006111283532282075
2023-02-07,0.019244733153515714,0.04202204609638338,0.012189901650858648,0.000920425708082595,0.013078426689907552
2023-02-08,-0.017652752718779086,-0.0031020991858097258,-0.0070310817409516835,0.002471594120761589,-0.010934612200747651
2023-02-09,-0.006911551272300476,-0.011659716128036512,-0.015563502968121923,-0.007912418174625069,-0.008669192235890355
2023-02-10,0.002456330114192884,-0.0019726988138252244,0.004415339728313095,0.0019071943211166342,0.0023335407349855952
2023-02-13,0.018806592277769374,0.031243028147258878,0.010847942975016567,-0.005076170279846859,0.011739060448500815
2023-02-14,-0.004224882660838536,0.003132909075171053,0.0044188779168437,0.0007537389032514774,-0.00046005037551610783
2023-02-15,0.013903440869909689,-0.007992765040164329,0.0041897667782291315,-0.00996466725346834,0.003247302672205077
2023-02-16,-0.010429340573557488,-0.026622637917523062,-0.013768838259729854,-0.0008192368783922488,-0.013768981514685863
2023-02-17,-0.007546780641683459,-0.015601861884371071,0.0029614208011981002,0.002986790669610162,-0.0024981575099861653
2023-02-21,-0.02667971029215177,-0.02088673000888741,-0.018349431719810294,-0.003737004613899475,-0.020060882549810755
2023-02-22,0.0028960126366919248,-0.004590976341560915,-0.007663105548042615,-0.005626488586046308,-0.0013780162546273012
2023-02-23,0.00329064060466866,0.01296179334309544,0.008011126263457236,-0.0005304511136865475,0.005319283703999922
2023-02-24,-0.018005500919577644,-0.021784424022952553,0.00902102242924907,-0.00719467575637045,-0.010682375411788847
2023-02-27,0.008247653716493941,0.003771709817025126,0.008727786205054544,0.003920334893926292,0.003405666581352662
2023-02-28,-0.003447928292283242,-0.002958000558270557,0.008370856259230175,0.00455596886271592,-0.0036958181973880677
2023-03-01,-0.014245893056754388,-0.01262928661597218,-0.005580776544014232,0.005772150633673867,-0.003835900159235406
2023-03-02,0.004129001608410565,0.01965330654158115,-0.010382029393001702,-0.0005855636445488699,0.007777280784799112
2023-03-03,0.0350902235018431,0.01664597230581588,0.018359416863134692,0.010723085619275707,0.016037823150925057
2023-03-06,0.018539452166175696,0.006189098709339591,-0.005847096800926765,-0.005043830646819902,0.0006926879794240115
2023-03-07,-0.014496533880787976,-0.010589062512584624,-0.029407546299362597,-0.017480480627863337,-0.015328602994128526
2023-03-08,0.008377252982991301,-0.0017706847561731465,-0.005915562753790904,-0.00047445044105887124,0.0016321633460429918
2023-03-09,-0.014914730734886805,-0.005439261892326797,-0.05413639702253459,0.009849316056938173,-0.018449908391991787
2023-03-10,-0.013878681704273532,-0.01478298894046981,0.0253951570446016,0.021562856843419187,-0.014429479228652564
2023-03-13,0.013265907873605043,0.021440933074966306,-0.017957446200969396,0.022948211912439564,-0.001425243727258385
2023-03-14,0.014089464650451466,0.02705579664589619,0.0256761717876548,-0.005791064746217711,0.016530089846390927
2023-03-15,0.002621372514156395,0.01783029723763052,-0.047244064916566963,0.007804133170404848,-0.006254472559574342
2023-03-16,0.01869407765875475,0.040536682274482594,0.019413799943542864,0.002020092008242713,0.017545203463765313
2023-03-17,-0.005454082938622151,0.011694417752104114,-0.037782066549977955,0.02912021467748982,-0.0116926594998783
2023-03-20,0.015483688071078916,-0.025766853679573876,0.010571473368475193,0.0003808677357699519,0.009615594532579541
2023-03-21,0.011944119425488564,0.005693860623324776,0.02682085324787442,-0.018875115806276432,0.01313080955452861
2023-03-22,-0.00910349282964984,-0.005442422692859439,-0.025813906016819432,0.01702060989813825,-0.017046665431395325
2023-03-23,0.006969467574575283,0.01972160012687052,-0.0026733873982307532,0.012538176085624908,0.0027033123719062413
2023-03-24,0.008305865201907014,0.010480637241747415,-0.0152158621909384,-0.011252350246951037,0.006562049860607155
2023-03-27,-0.012293499824140297,-0.014933950975879573,0.0286606311316151,-0.009256722051406152,0.0018697742773050585
2023-03-28,-0.003980419735783336,-0.004160992883931125,0.0030351651409077363,0.008189093257242153,-0.002244536269676467
2023-03-29,0.01979081933666671,0.01918392011875114,0.0020174892515201215,-0.00496077000653139,0.014534784082990582
2023-03-30,0.009889906913209234,0.012620048673274598,-0.0030200776311750666,0.009039576549164652,0.005855308319204777
2023-03-31,0.01564424043542778,0.0149618273790324,0.012116524502004511,-0.005212246135594234,0.014094663674285801
2023-04-03,0.007701868242500964,-0.00371108166322065,-0.0011511150985562546,0.007204410308019105,0.0038105989369265902
2023-04-04,-0.003249910321331373,-0.00017438491408028334,-0.013368260972692059,0.018640958960437715,-0.005548330720320016
2023-04-05,-0.011290086214576278,-0.00988913251665069,0.0014912644036233491,-0.0007979247786651378,-0.0026183070379935947
2023-04-06,0.005495853320127253,0.025532752962261318,-0.0010972068872510121,-0.007134091065472581,0.003901061800555272
2023-04-10,-0.01597238258389788,-0.007578647107894798,0.0032949823228969333,-0.007399886547073353,0.0010264023292143598
2023-04-11,-0.007591128537795422,-0.02266853825985049,0.004925956911826956,0.006320556237305208,0.0002685201950589633
2023-04-12,-0.004353302488272592,0.0023336217865126407,-0.00015543616748425748,0.004885138866613126,-0.004075978203983643
2023-04-13,0.03410358848714856,0.02239933697927432,0.003813154185607237,0.013515672558895409,0.01328290665397236
2023-04-14,-0.0021138375871697646,-0.012765632691457696,0.07550977972297179,-0.017710313033589165,-0.0024430824479695357
2023-04-17,0.00012092100846805565,0.009296201007826799,0.007928971458105671,-0.0044537552497120325,0.003588354514380221
2023-04-18,0.007504611835323471,-0.0014890798298896613,0.011227862030879665,0.003880780603893852,0.0006523945332324033
2023-04-19,0.0069684105404623775,0.00027726559163143705,-0.0012727002646109042,-0.004778520212877502,-0.00016900649304674165
2023-04-20,-0.005846227326617215,-0.008112138698772475,-0.00290340556019697,0.00393825919904689,-0.005457243647289278
2023-04-21,-0.009780985435742906,-0.0012230809112387941,-0.00191756625607431,-0.00988766926809792,0.0007769280839291515
2023-04-24,0.0018785403449401716,-0.013963223446413764,0.001351875867374952,0.003039335460481629,0.0010433109447587352
2023-04-25,-0.009435647042430939,-0.022535744668870095,-0.02174373987404432,0.005086318131183543,-0.015873925641573527
2023-04-26,-6.1039296382015e-05,0.07243460855499473,-0.017723424354968764,-0.0054373863086726315,-0.00423551724732385
2023-04-27,0.028395289327887152,0.032027707336309774,0.013458457378619837,5.410039265330013e-05,0.019908101099707975
2023-04-28,0.007540885607271841,0.00797159386766877,0.008683011116507044,0.0002706525128974846,0.008534994970374354
2023-05-01,-0.000530310659699551,-0.005532653866493931,0.02141221018406525,-0.004491351825477108,-0.0010096941403092696
2023-05-02,-0.006191637381156578,-0.0004909571536539925,-0.01614748153082879,0.019296640909943763,-0.011239058907634325
2023-05-03,-0.006467093051482298,-0.0033070827801580105,-0.02116330870003902,0.008479075840785555,-0.0068641432159106675
2023-05-04,-0.009913442720967391,0.003318055865574543,-0.013678462447641815,0.00703295344911492,-0.007083001237548681
2023-05-05,0.04692693301662776,0.017157204545794835,0.01953486699786322,-0.015647950479605433,0.018512660690990668
2023-05-08,-0.00040341758428885655,-0.0064383042246964894,0.002413450852476906,0.0012269055761324754,0.0002665549092413233
2023-05-09,-0.00997107169206779,-0.005345455828322909,-0.004815044150103809,0.007086162362163639,-0.004385294735140377
2023-05-10,0.010420853940831254,0.017296049683428683,0.000512708029622333,-0.001428442843921074,0.004672191146840143
2023-05-11,0.0010946849515938162,-0.007044313177721917,-0.003150317325998353,-0.008582755587748347,-0.0017439810199137984
2023-05-12,-0.005417553749150983,-0.003676007704347173,-0.014333153216395722,-0.0017100802429794726,-0.0013102134674702892
2023-05-15,-0.0028973399654637078,0.0015860058520404952,0.008426697494085644,0.0021412620336231925,0.00345006650832147
2023-05-16,0.0,0.007367456359653746,-0.0067292286893099185,-0.0124993937971285,-0.006682632013018663
2023-05-17,0.0036032809628403495,0.009451739433819828,0.030747445483406466,-0.0034618889303412725,0.012138808830863157
2023-05-18,0.013665911370637662,0.014394985022710305,0.007583965710334484,-0.012972911279784505,0.009633174042336545
2023-05-19,0.0006285324098758149,-0.0005651723985354851,-0.002294128980926291,0.0098988291245512,-0.001455006824857552
2023-05-22,-0.0054806789770245334,0.008921296951365232,-0.008262484356331923,-0.002341497915543389,0.0004061635927821161
2023-05-23,-0.015155015044655662,-0.018431951292992133,-0.010432646073047613,0.001200731149241463,-0.011222791706332225
2023-05-24,0.001632029837897786,-0.004472619018664692,-0.009151426334015333,-0.008068450017086337,-0.007244636924018666
2023-05-25,0.0066922985547202,0.038457890185396915,0.002438237300002921,-0.009618027091793824,0.008659741369100304
2023-05-26,0.014104754528287744,0.021385633858731268,0.009360966787219427,0.003995567330169925,0.01295071721889629
2023-05-30,0.010659619180331203,-0.005046677429952573,0.0037975779967596157,0.006190554546333882,0.00038101063991913264
2023-05-31,-0.00028203928413017554,-0.00851427726821441,-0.012731210613380006,0.0015382006614657051,-0.005545251965247355
2023-06-01,0.01602254026047545,0.012759049437015335,0.013779425454442329,0.00789813034647624,0.009500926834101753
2023-06-02,0.004775390686913017,0.008479299441088495,0.02100587505366347,-0.014747450675273721,0.014461176414301669
2023-06-05,-0.007571193855868019,0.0016100928274602744,-0.009824041836532182,0.006020416015011243,-0.0019163079315620557
2023-06-06,-0.0020603863931157873,-0.006727290301321132,0.0017972479117813744,0.0010980396887689814,0.0021775113643234256
2023-06-07,-0.007756198010554938,-0.03086815715148128,0.00968874944662601,-0.012010543410059138,-0.0034577504664482506
2023-06-08,0.015465150612897549,0.0058137832635654085,0.0002840961372125861,0.013211240429905624,0.00604853182014331
2023-06-09,0.0021597428747326397,0.0047038931430014586,0.0019896029647994418,-0.0026845203333208945,0.0017943619602611705
2023-06-12,0.015638800493259053,0.015483913255355919,-7.069073686261085e-05,-0.0008788640365902101,0.009071780591375811
2023-06-13,-0.0026116650510609185,0.007352860699856745,0.007233918068923151,-0.007367558613950331,0.006593159922781755
2023-06-14,0.0034914224434301477,0.009123756302008346,-0.0037318139302442432,0.0005539277015322863,0.0011906813155324603
2023-06-15,0.011198582959412562,0.031896666197655854,0.011308171607894435,0.007030581691497284,0.012397701042309306
2023-06-16,-0.005859905896112405,-0.016575976525348035,0.001187892364104881,-0.0015392159510752013,-0.003406335637519353
2023-06-20,0.00048676786554469054,-0.012502467675827078,-0.005095528594871612,-0.010350739592973501,-0.005188126787547098
2023-06-21,-0.005675333685319139,-0.013281987005899443,-0.001473328909297189,-0.0014464228474878604,-0.005123703237557509
2023-06-22,0.016525258828344658,0.018437471905730973,-0.01925225879161807,-0.009916979914319946,0.00360966473955715
2023-06-23,-0.0017113875506498122,-0.013805851422063031,-0.005230101632979323,0.0027572461643308177,-0.007559919808236448
2023-06-26,-0.007552783445714972,-0.019163080866700155,0.0024486826690932606,0.0017396047357047806,-0.004085819320631345
2023-06-27,0.01505904671646463,0.018168126805334417,7.184757432465716e-05,-0.004593535884055422,0.010963301336011533
2023-06-28,0.006327914430851234,0.003825708684420004,-0.004382270920063047,-0.002307409851291853,0.0005044163259173562
2023-06-29,0.001796373842403165,-0.002381955260835178,0.03492325964590437,-0.001071764681377263,0.00394136199048889
2023-06-30,0.023102486154011448,0.01638550948372175,0.014014115993760123,0.006663323502016594,0.011800684726839705
2023-07-03,-0.0077846852482971185,-0.0074881109010519475,0.00804425743492998,0.0011218766110339118,0.0011505572236374384
2023-07-05,-0.0058713945024910785,0.0004733747810274913,-0.006661642427361003,-0.00353003237800964,-0.001487195275578168
2023-07-06,0.0025087437096940057,0.009226716073623242,-0.009886526507538074,-0.002980200124891419,-0.007830676847234264
2023-07-07,-0.005891372075942036,-0.011867532989449425,0.007890247585303545,0.007500997402107412,-0.0025247133508545794
2023-07-10,-0.010855606332128231,-0.015983468247277366,0.005611924211576413,0.0007836956455820054,0.0025311036620625504
2023-07-11,-0.0028099676546954333,0.001928555778810015,0.015639006600929095,0.0037476125602418087,0.0063685915712361485
2023-07-12,0.008985323203710482,0.01422694256309609,0.004951650544730679,0.013541420874312982,0.008045891724301812
2023-07-13,0.004057475083785844,0.01619210462284748,0.004860102153161572,0.0007146999149643118,0.007936873542815581
2023-07-14,0.0007874050178526826,0.007529387677264854,0.006045609807706409,-0.0031866482531699436,-0.0006227995945932152
2023-07-17,0.017305639950967455,0.0014193451392396916,0.024103544187523918,0.0007165567329587841,0.0034721457397757227
2023-07-18,-0.0013404880111266282,0.03979990861184746,0.0018257378106800726,0.011456278139590825,0.007430704860190929
2023-07-19,0.0070718966335219235,-0.01226748685944068,0.0038393622065058253,0.00016335645500209495,0.00222370493812174
2023-07-20,-0.010097449777480727,-0.023121695041354418,0.012317780011421586,-0.005063389149303599,-0.006634434625417129
2023-07-21,-0.006161635746642635,-0.008937041473328078,-0.0076847285164626244,-0.0030645332195952113,0.0
2023-07-24,0.004220040150589632,0.003898059693311362,0.019683693852723616,-0.00428147332668416,0.004467248779352451
2023-07-25,0.004513608946818737,0.017009143900165613,-0.007468413195641066,0.005567859975791123,0.002730044782999208
2023-07-26,0.004545044880286175,-0.037637476184592344,0.0059939029976894265,0.0048791150253855164,0.000153620734480997
2023-07-27,-0.006581027086359104,-0.020872291865968506,-0.011029161574675372,-0.01571197400361901,-0.006629851172855861
2023-07-28,0.01350804902865299,0.023131455806250534,0.005704276095368721,0.007981390400291666,0.009790359430451367
2023-07-31,0.003165937995896595,-0.0072407199949431345,0.006691978772082496,0.0026944104889450315,0.0019039661503683636
2023-08-01,-0.004275996051670061,0.001250242928235501,-0.004938181918816675,-0.010364679607279714,-0.0028616051753479477
2023-08-02,-0.015489948436775869,-0.026282863847815308,-0.01132476637735802,-0.004765602229612864,-0.013910816936506643
2023-08-03,-0.007321630496490594,-0.002564678340311821,0.006113416535451499,-0.0003341470787491252,-0.0028658428743941755
2023-08-04,-0.04801997698191962,0.003428553834130099,-0.0021105354388936126,0.003620414278603157,-0.004522820272700567
2023-08-07,-0.017253850692819483,0.007108328324911595,0.00474278171018061,-0.0022753962847783527,0.008728632204440423
2023-08-08,0.005311787694817216,-0.01229901848214654,-0.0056135799546579435,-0.006341080194621318,-0.0043488219585082755
2023-08-09,-0.008954515096488702,-0.011715912681822815,-0.013407748538961317,-0.00475820704444585,-0.006685058137560818
2023-08-10,-0.0012345669391493619,0.0021723303741767452,-0.0014957597671659828,-0.0010686044760203073,0.00035888707511055884
2023-08-11,0.000337675841768581,-0.005945506556697233,0.0057959732434289535,0.0,-0.0005831584104695198
2023-08-14,0.009393146116357443,0.009438924291812256,0.002071879257232734,-0.003040588549344525,0.005520079418421586
2023-08-15,-0.011200471193894446,-0.006727561677777771,-0.025457145654939506,-0.002654474343068869,-0.011648955282479445
2023-08-16,-0.004958946935360364,-0.0024285848487555217,-0.004243317491529508,-0.005776029417432049,-0.007338086924767229
2023-08-17,-0.01455523861184238,-0.010985982980949993,-0.010386567178713113,-0.0015378724223797935,-0.0076198614474499715
2023-08-18,0.002816078737210903,-0.0012623455794442684,0.00228741646291053,0.00017112823031739666,0.0004812347606892864
2023-08-21,0.007736796846894434,0.017062568755489282,0.0034234020797179188,0.002737670236275802,0.0065063917369061475
2023-08-22,0.007904964472261744,0.0018017903571398985,-0.020738481136288955,0.0016495566176504273,-0.002708613782266167
2023-08-23,0.02194886388186834,0.014079353298305008,0.006763184141217682,0.01016464068195777,0.011137715354008648
2023-08-24,-0.026170372248887075,-0.021498557652729566,-0.0009498792039379644,-0.00022482031744353037,-0.013859010753859424
2023-08-25,0.012643008715644388,0.00940719327702455,-0.001222699529750293,-0.0012932863561120334,0.007049614663635628
2023-08-28,0.008845961768115806,0.0022292695816390484,0.0034683195339375583,0.0028713533365909427,0.006341540463996598
2023-08-29,0.021810469025132173,0.014550609367236511,0.008132193203440385,0.009768091768254772,0.014454697269273398
2023-08-30,0.019172356471146346,0.0011569035732899025,-0.00403313499512481,0.0025018747942815445,0.004118810252358385
2023-08-31,0.0011723077218679379,-0.0031324195578602554,-0.012351791089979303,-0.0016637258183913595,-0.0014633874842894246
2023-09-01,0.008463505571311591,0.002745687316391354,0.003348755106604484,0.0004999240959600026,0.0018651909959905844
2023-09-05,0.0012664266647712807,0.01487853880865364,-0.011034040672262102,-0.008161685723844458,-0.004321844113085449
2023-09-06,-0.03579319512530721,-0.0020085442303227063,-0.0016527633978211664,-0.004534245193468567,-0.0067225925797974595
2023-09-07,-0.02924930386579294,-0.008922309057626143,-0.008554116497410003,0.0010684498647577367,-0.0030700687482771993
2023-09-08,0.0034915872065037767,0.013215686955721617,0.0007654477019181094,0.0003370270596214642,0.001506109609976436
2023-09-11,0.006622659155382626,0.010979319123745057,0.004380219109286987,0.001853109993606994,0.006576623092357625
2023-09-12,-0.017060579515397856,-0.01825777230391512,0.01301381628396392,-0.005156651253074851,-0.0054856826443198115
2023-09-13,-0.011854910777688188,0.012930671867768195,0.00047850205683408475,-0.0023100098564432514,0.0011660372028772237
2023-09-14,0.00878272804446234,0.00785590523026758,0.019397342833959108,0.0005082241752882855,0.008622340703231757
2023-09-15,-0.0041541939727407495,-0.02503696809658751,-0.00294791517593751,0.006603816566220333,-0.012048307075186337
2023-09-18,0.01691341789073819,-0.0035127566556260037,0.0020831202566704565,0.005887647601878543,0.0005864854158885713
2023-09-19,0.006180874672855108,-0.001246121696864333,-0.0012741317942873698,-0.0009476457412548323,-0.0020738659859727004
2023-09-20,-0.019992259306686466,-0.023976840742211514,-0.004230222066154865,0.0007253927124595272,-0.009193389437763932
2023-09-21,-0.00888926623933195,-0.0038657866103174454,-0.007821876741068157,-0.007248413758109917,-0.01652822783305008
2023-09-22,0.004944405667166141,-0.007886445576419265,-0.00958277941781549,0.0032013033173832195,-0.002248676509530978
2023-09-25,0.0073802504318611906,0.0016719491203700532,0.004940698385362152,-0.005150588926742139,0.004205350697430887
2023-09-26,-0.023398346728481623,-0.017005806934665246,-0.010378997983394811,-0.007990985893820302,-0.014691348483644617
2023-09-27,-0.008897644561411067,0.0020825985272052705,0.005864977438427843,-0.012366647894697436,0.0003991573736386034
2023-09-28,0.0015259077492120188,0.002717250554824302,0.012415750305159845,-0.004997187509914736,0.005797302934428927
2023-09-29,0.0030461728307020763,0.006727358708972897,-0.017413068867043635,-0.01027534966921384,-0.002426873265403695
2023-10-02,0.014835693933715977,0.01916071096231886,-0.008619399900214653,-0.010498705650611395,-0.000397663408902571
2023-10-03,-0.007769836334697522,-0.02613390280041028,-0.00737279486316722,-0.0028882419805683623,-0.01338607436817063
2023-10-04,0.007308550720130036,0.017773074007868983,0.0044846432894321,-0.00011825651470720455,0.00728207806812442
2023-10-05,0.007198028567458659,0.0012539196522163287,0.004216063352728394,-0.0018327868021307259,-0.00037686086108279504
2023-10-06,0.014750550401560591,0.024737172513226824,0.015395671549926604,0.005153083621109555,0.011872716374022207
2023-10-09,0.008451139996715096,0.007822366521683666,-0.0022742258544646843,0.01838544744893622,0.006402287369361215
2023-10-10,-0.0033522127910061705,-0.004335457325471803,0.006078609661439804,-0.0016780958953311886,0.005204872277817962
2023-10-11,0.007904080003005909,0.012271943336286784,0.0034327414239518905,0.007303045938392039,0.0040963153550444
2023-10-12,0.005061240929550959,-0.003790318965861905,-0.00232622189144005,-0.0030496507265770356,-0.006096445776489157
2023-10-13,-0.010292855598950768,-0.010357659979108313,0.01501947542455162,0.03214825984540237,-0.004981024633685549
2023-10-16,-0.0007267765555805106,0.014981915232888277,-0.0010136107124735227,-0.004864928190345896,0.010521598366471707
2023-10-17,-0.0087847356962244,-0.0017437867411675967,-0.0021642686019517354,0.001854273768354009,-4.594996637397042e-05
2023-10-18,-0.0073949153564002446,-0.00587234360132094,-0.010980637867774479,0.014470816805260078,-0.013325025580588346
2023-10-19,-0.0021608702155586634,0.0036653850643721952,-0.004249521306978421,0.012274016037125302,-0.008786441650861065
2023-10-20,-0.014704310699650835,-0.0140346717389499,-0.01610553174630447,0.0027308974274993236,-0.01228810184106055
2023-10-23,0.000694030685479019,0.008112159572075228,-0.013641213365773064,-0.0033770637265356784,-0.0017331846967774123
2023-10-24,0.0025434298869444483,0.0036741777545750143,0.0012057064675017326,-0.0001093308866343401,0.007539390856413197
2023-10-25,-0.013491545052645604,0.030678040601648915,-0.005454404908874055,0.004208823642007475,-0.014352133561674751
2023-10-26,-0.02460573442488434,-0.03751423639069251,0.002563984853353851,0.0015784524505007003,-0.011974739637847231
2023-10-27,0.007969376646803417,0.005855667586351254,-0.03601876837258566,0.011629799758343662,-0.004532677607338775
2023-10-30,0.012305256986264945,0.022740232271405425,0.01274970644211848,-0.00564054701797434,0.011955742780735967
2023-10-31,0.0028188889628832925,0.0023715939905293304,0.011934185283114074,-0.005456562573315948,0.006280316457260016
2023-11-01,0.0187386549485673,0.02354273863429901,-0.0008628590958323912,-0.003150642851826202,0.01066464925018007
2023-11-02,0.02069321256853085,0.00650180613185225,0.017849543854814298,0.0033240729584831374,0.01916449253640584
2023-11-03,-0.005181030631841388,0.012861448657413233,0.011172344254181787,0.003638921283475316,0.009123344775336495
2023-11-06,0.014604994138498917,0.010572557413043304,0.007552435288030068,-0.007792560392528847,0.0023003845137259393
2023-11-07,0.01445072468116404,0.011219420350222054,-0.00048588040189001536,-0.0041451308444239165,0.0028460852693152905
2023-11-08,0.005884998465700564,0.007405792709463066,0.004930294668858526,-0.00996764391222027,0.000732483939521078
2023-11-09,-0.0026245160227158504,-0.006910995800386011,-0.002971289732442872,0.003982968433291267,-0.00779875595365398
2023-11-10,0.02322007118321512,0.02489681044211345,0.014831286200027494,-0.010909752197912126,0.015604651751825127
2023-11-13,-0.008583666539947021,-0.008088316688745989,-0.004439152268348678,0.005570720464602941,-0.0009530226549109289
2023-11-14,0.014285585814685753,0.009790498207018494,0.01824694380407954,0.008919177105678688,0.019400595444597046
2023-11-15,0.003040980666597193,0.00040592737631284237,0.008757546764846191,-0.002635601473798599,0.002116992584037636
2023-11-16,0.009042246832762224,0.017583439129620793,0.011419909712554022,0.011286077178189302,0.0012231370551909482
2023-11-17,-0.00010560930607794727,-0.016800889087077442,0.009045941919644696,-0.00010890234740634774,0.00124389369809208
2023-11-20,0.009278295068360087,0.020521744625384697,0.0030754184814705265,-0.0016333808174913145,0.007697712319235661
2023-11-21,-0.004230829450906803,-0.011577952680577486,-0.0020876702873489084,0.01079790063288577,-0.002179572486498249
2023-11-22,0.003514518729436311,0.012812620388406692,0.002353503383669464,-0.004262252597287075,0.003860881459266663
2023-11-24,-0.007004339857799358,-0.0011116538335980142,0.0013694974156746031,0.005201596914642392,0.0006153651814628791
2023-11-27,-0.000947562945542102,0.0031262841719250645,-0.0022794087315372025,0.006737817869841178,-0.001800885253609441
2023-11-28,0.0032140510486105,0.010802805703413743,0.002284616305892939,0.013331852960406732,0.000990066136665968
2023-11-29,-0.005409633341865172,-0.010060091062339072,0.00508022298866373,0.0014794398574642376,-0.000703364429964104
2023-11-30,0.0030627247922658807,0.00015838852043081886,0.011404877493039978,-0.004167950375202456,0.003937440036624551
2023-12-01,0.006791367470635468,-0.011612258096993622,0.004869267173092773,0.017271494075951965,0.0059158183250298535
2023-12-04,-0.009464521962946892,-0.014338685965087472,0.007332338232951541,-0.02161342646325959,-0.00524937801679326
2023-12-05,0.021063158525789216,0.009156250023554025,-0.0001266293557746767,-0.0037794459254785195,-0.00019708243955018911
2023-12-06,-0.005686995283444851,-0.00998596007043362,-0.010508335821972525,0.0036868953454944897,-0.004029707652330683
2023-12-07,0.010139243876975623,0.005829622950935143,0.0030708500121408022,0.0016503277504122948,0.0076302361065101465
2023-12-08,0.007412240343267484,0.008842305523240723,0.011033914344149798,-0.01334039111485108,0.004299311730263655
2023-12-11,-0.012927284476919265,-0.007829423853303763,0.0036587656089317466,-0.011042895165362276,0.003889544183326654
2023-12-12,0.007920211929991483,0.008295105531380242,0.00892525158205193,-0.0005446421195114404,0.0045672933413267724
2023-12-13,0.016691420249771882,-2.6671986750881338e-05,0.00336401166466338,0.022562533466176538,0.01379001071132313
2023-12-14,0.0007578166113340057,-0.022544458144136748,0.01819214517263701,0.005862552982469849,0.0032094103312352296
2023-12-15,-0.0027257321715701277,0.013117195230820444,0.00756133718039953,-0.009166511771857233,-0.0016465962462566264
2023-12-18,-0.008503458185670887,0.005178944861490287,0.006052009684528681,0.004545487184575592,0.005625106586438999
2023-12-19,0.005360222320868857,0.0016369501425403943,0.013354986523221424,0.00681394057869511,0.006080990378019235
2023-12-20,-0.010713918757210394,-0.007072802590986638,-0.011279100217785443,-0.005445982936102989,-0.01385726075207816
2023-12-21,-0.0007699911185248265,0.007878659978012292,0.005703932692329827,0.007070635455129759,0.009481873879138458
2023-12-22,-0.005547512551144385,0.0027842623711682446,-0.0005970086703412925,0.004434417088942322,0.002009640628737097
2023-12-26,-0.0028408142528263403,0.00021350953303156395,0.0059139927389808555,0.007620733251079592,0.0042225968473603714
2023-12-27,0.0005179541909452468,-0.0015746989349576523,0.005998031605726872,0.004537842226414179,0.001807993348294179
2023-12-28,0.0022262571672788667,0.003234529950187026,0.00531290708774379,-0.005815437657636813,0.0003777494885528476
2023-12-29,-0.005424106115499816,0.0020251753081506063,-0.0011744793698862388,-0.001566841018672216,-0.0028949422267410263
2024-01-02,-0.035786772048410964,-0.013748522252128859,0.011640145638990074,-0.002353909884146743,-0.00559638402430207
2024-01-03,-0.007487339982115371,-0.0007280428883447154,-0.004358485148506563,-0.008336809604204354,-0.008166732272050004
2024-01-04,-0.012700318207408468,-0.0071774565700563064,0.006636138900590671,0.0010046128932528209,-0.0032210135550876373
2024-01-05,-0.004012919436744755,-0.0005164778012010096,0.005017140068279025,0.00015845540955172766,0.0013697578054943094
2024-01-08,0.024174866777831205,0.0188717312241653,-0.001450953598846283,-0.007816271130823282,0.014275824693600336
2024-01-09,-0.0022634984157169358,0.002935698459601843,-0.007905932583420427,0.0003193567900841021,-0.001517078830942653
2024-01-10,0.005671458986897138,0.018574092225907224,0.002109254397802962,-0.00228804710551489,0.005655447799110869
2024-01-11,-0.0032225571063367875,0.004859356025081363,-0.00420990776067709,0.0019733072916665595,-0.0004406505821461515
2024-01-12,0.0017780038929695596,0.009983650068053684,-0.007340084205900377,0.009794068475553752,0.0006927187748977381
2024-01-16,-0.012317085686665341,0.004633508822121435,-0.006270315494857459,-0.009488181898979597,-0.003671229332001258
2024-01-17,-0.005173403630483131,-0.0020499713286015186,-0.00535741893977848,-0.01101595063528893,-0.005558713758148093
2024-01-18,0.032570569426700224,0.011297407566160267,0.0019747778825636164,0.008232882099906247,0.008892823004222894
2024-01-19,0.0155331028712693,0.012186858518489885,0.017262061707573162,0.00298872590696031,0.012466256811211496
2024-01-22,0.012163296657694112,-0.0054180456046366565,-0.001174381938910729,-0.003777957126316789,0.0021143989697320897
2024-01-23,0.006653281585587756,0.006027635903658846,-0.006583767968155407,0.0038991332271092194,0.0029163125112179333
2024-01-24,-0.0034840148124437587,0.00917521917373576,0.00893530531196074,-0.008246890539639895,0.0010932184124989863
2024-01-25,-0.0016966331345924512,0.005738224356654831,0.01431086086871769,0.003969986681303217,0.005438860594388917
2024-01-26,-0.009012708057048013,-0.002321640121728641,-0.003816413852743339,-0.0006946931881827156,-0.0012703739642593304
2024-01-29,-0.0035858892857483227,0.014334062455514163,0.0026121904121327866,0.0070584854445867595,0.00791942273000612
2024-01-30,-0.01924592420910598,-0.0027578941522774514,0.020494340113496046,0.0013805262268788976,-0.0007734832157252347
2024-01-31,-0.019357557694684058,-0.026946334543849426,-0.010835713354052645,-0.0007423479101065222,-0.016317269052582017
2024-02-01,0.013340724680227956,0.01559437336048819,-0.0036131854533001384,0.01040067256889099,0.013088145702355725
2024-02-02,-0.005405225570191297,0.018425876925413975,0.005756042968937836,-0.009453300862028224,0.010527348990828855
2024-02-05,0.009846648493096133,-0.013545059860544661,-0.001316366668281943,-0.005513988032274764,-0.0036412362707020085
2024-02-06,0.008631713135598407,-0.00039454099152869126,0.0034384592039049533,0.005224693124019186,0.0029033270707712333
2024-02-07,0.0005812151428410406,0.02111036564911095,0.0018846223886657132,-0.0002651978305409086,0.008340385382410442
2024-02-08,-0.005754668366457882,0.00014492329443727137,-0.0035910571280056702,-0.0009018470501077624,0.0004417513836734166
2024-02-09,0.004093926449051155,0.015551353231407106,0.0012012726251167116,-0.003876152075832917,0.005779401037635523
2024-02-12,-0.009001946659368598,-0.012578704656954542,0.004456852778081055,-0.0026119694947860372,-0.00043895684791661616
2024-02-13,-0.011274459124296365,-0.021528714978791608,-0.008703678331012377,-0.013788690196348319,-0.013773028981571844
2024-02-14,-0.004809674031007627,0.00966541834519008,0.010157339121096731,-0.0005961123453055439,0.009087587371545913
2024-02-15,-0.001574892256622551,-0.007155159603215777,0.02181447133428871,0.0067238125229136525,0.006899759307667619
2024-02-16,-0.0084301999007651,-0.006149218391671818,-0.004670002559086672,0.0036625695484677756,-0.004979984722167097
2024-02-20,-0.004113994129994691,-0.003143196112205926,0.00390978056251412,0.006064210073093879,-0.005505400002284611
2024-02-21,0.004186009031073468,-0.001514346299519742,0.006509890551968933,5.331256612173263e-05,0.0009059084778233473
2024-02-22,0.011243975237646087,0.023546598390748574,0.011995775209596049,0.00042672195902415666,0.020695505335149855
2024-02-23,-0.010034157664068566,-0.0031822415748032906,0.005025330625025415,0.005651511902278639,0.000689581997437072
2024-02-26,-0.007451198159029615,-0.006823594526324972,-0.0034241578720082266,-0.0022266895335479875,-0.003662506874030691
2024-02-27,0.008114370624945133,-0.00014734508908886834,0.0004906608407682089,-0.0010626830578386315,0.0018577655778122537
2024-02-28,-0.006625403300693389,0.0005890885711592464,0.005069634656822641,0.00180849115899262,-0.0013216678675957994
2024-02-29,-0.0036930833891722914,0.014519874631837792,0.009111631220457994,0.005150266749304189,0.0035949297017872084
2024-03-01,-0.006030435397010536,0.004496532354816285,-0.004138473976709411,0.018910791174389097,0.009388266811298784
2024-03-04,-0.025381324213025747,-0.0013958359899024497,0.007501723257840931,0.016174996770490724,-0.001072463644759214
2024-03-05,-0.028440953575865624,-0.029571953645974536,0.01001717603902641,0.006020141664404566,-0.009994053730660202
2024-03-06,-0.005878228196921742,-0.0013909514736498707,0.005197575305807334,0.008215401882095241,0.0050671749251809395
2024-03-07,-0.0007094420125435263,0.017533516821186534,-0.008758633729101684,0.005683843351386164,0.00992642406084343
2024-03-08,0.010236603696991864,-0.0071369193710930645,0.0018631165132720895,0.008452547868211147,-0.006002190906882476
2024-03-11,0.011831652081736976,-0.004185026276340764,0.00037184611063634243,0.00183502012710135,-0.0008598045719229175
2024-03-12,0.002778493435951601,0.02659952105468366,0.008231974019858423,-0.01094062729637224,0.01075726327952875
2024-03-13,-0.012122493403038503,-0.0004334993817767252,0.00811230911734806,0.00700740378557585,-0.0015674405805231606
2024-03-14,0.010927226987036631,0.024379638964544315,-0.017818113910127442,-0.004175139558116325,-0.0019767739933118644
2024-03-15,-0.0021965214193262472,-0.02069507330274656,0.012395553337970044,-0.00319440663913817,-0.006866535129323004
2024-03-18,0.006372503108038607,0.0021612666863481955,0.012401596076416332,0.0016022835845583838,0.005943034709424921
2024-03-19,0.013584971559415626,0.009800702896991531,0.005865098294961957,-0.0011498061737871268,0.005557247185617786
2024-03-20,0.014709222118785004,0.00906486436020737,0.013107168879177733,0.011911859798154678,0.009249164679070221
2024-03-21,-0.04085738394592042,0.009735805352105942,0.01390504812720561,-0.0010386361790747367,0.0033048699697688644
2024-03-22,0.005310098468912061,-0.0014673147851961277,-0.012257619990202473,-0.00802096899240623,-0.0018958903744292765
2024-03-25,-0.008300504877725268,-0.0137145824894509,-0.00915456168440254,0.0031944066391380588,-0.002762793867023383
2024-03-26,-0.006672398432957416,-0.002861518361208848,0.0046708864437430275,0.003233961285236564,-0.0018469254945806535
2024-03-27,0.021212616529390438,-0.0005217957296325126,0.019363443552190107,0.007240660177973313,0.0084035909258664
2024-03-28,-0.01055922189662517,-0.001684676553158182,0.003909351242557424,0.012900024807739996,-0.00019095462100671146
2024-04-01,-0.008455648578125863,0.009151023238378242,-0.0067898667184279615,0.010208079384865787,-0.001739837330736127
2024-04-02,-0.006998873878454215,-0.0073721307829505145,-0.00040202184148641074,0.014772360490971526,-0.006358098932705114
2024-04-03,0.004797471446916557,-0.0023491773449507702,-0.002816161781752813,0.008772374739768773,0.0010985552054993963
2024-04-04,-0.0048922402664756115,-0.006112452839217242,-0.0076084546416467225,-0.005734705223284009,-0.012206152854225327
2024-04-05,0.004501723046307582,0.018282731182531986,0.009200096107780054,0.017114197447370305,0.010446864114189713
2024-04-08,-0.00666346092150738,-0.002185606340238122,0.005216503081096446,0.00622848536623688,0.0005592751295482312
2024-04-09,0.00724242664491892,0.003980267779061242,-0.006700799573522653,0.005497054993034878,0.0011568151121221781
2024-04-10,-0.011139369425152368,-0.007084494622058735,-0.008521519691801371,-0.009463856185613961,-0.010013069086597493
2024-04-11,0.04327095396259373,0.01103340598049396,-0.00020460258226684402,0.019433247203493043,0.007546822798182307
2024-04-12,0.008626706925510375,-0.014091064912222229,-0.06467789148616965,-0.013239324939518515,-0.013802964770621484
2024-04-15,-0.021863467470295883,-0.01957797916730819,0.0005470323645149211,0.01871915519396472,-0.012528177126771789
2024-04-16,-0.019167337087691028,0.002272324770264733,-0.011427699630267685,0.0012220152803359419,-0.0018238367995413451
2024-04-17,-0.008147374430445997,-0.006609040080731043,-0.003982193825036173,-0.007368252752093185,-0.005918129557467511
2024-04-18,-0.00571428728248613,-0.01838085661794453,0.00649702456794099,0.0034154561341945833,-0.002057750781584544
2024-04-19,-0.012212624047976073,-0.012739062558081882,0.025103497677471998,0.003131535140574959,-0.008728362661016842
2024-04-22,0.005090840538690022,0.004610094536008136,0.019429536040825868,-0.02470249054532203,0.009209107287462048
2024-04-23,0.006391809172793916,0.01648548740700706,0.014413121610968416,-0.002458663172418052,0.011866663531714838
2024-04-24,0.012702242694548449,0.0036557972202282407,0.004892271009284244,-0.0018600907225296837,-0.00047456351835983845
2024-04-25,0.005147246960742979,-0.0244951305974217,0.001501954843706299,0.005963468053189924,-0.0037989871991517266
2024-04-26,-0.0034728758634358092,0.018243712916999666,0.0006206367718604167,0.003241927353549112,0.009473957082221318
2024-04-29,0.024808063371766664,-0.010016666724890544,-0.001085298109091526,-0.002031218037689575,0.003541377027949988
2024-04-30,-0.018270903965436736,-0.03211943485174018,-0.007967635847991428,-0.019937078844561418,-0.01584117109062
2024-05-01,-0.006047103726853242,0.014409492111452149,0.000625748322561126,0.00906215232545482,-0.0032471571430243706
2024-05-02,0.02203195385387402,0.007342817842190152,-0.0010424260072265934,-0.0030870874411647042,0.009353440759502174
2024-05-03,0.059816270641663616,0.02216967931729652,-0.006000265998550303,-0.0007976266365629092,0.012395343223511768
2024-05-06,-0.009106874153820277,0.01691829736939643,0.007821176813258779,0.010518361024399514,0.010326749378337219
2024-05-07,0.0037972235113064023,-0.010156153054453276,-0.0013020207924296923,-0.004600326433150892,0.001103382692013044
2024-05-08,0.0018640883761906757,0.002931531094032991,0.020338843429750675,-0.002941061869504713,9.665069866504616e-05
2024-05-09,0.010014330575426333,0.00433588781861749,0.009455755049566195,0.015778607960932778,0.005761880381197182
2024-05-10,-0.006890159209981039,0.005869107738910584,0.006430338952503334,0.008112513438038427,0.0012882207101287957
2024-05-13,0.017645276410104493,-0.002459372549369787,-0.00020128505199146218,-0.011202103844459854,0.00013427811013766444
2024-05-14,0.0061734584459016695,0.006864510662609735,0.013988795890610195,0.008462045119477013,0.004588114533755405
2024-05-15,0.012218018561994448,0.017483962250174123,0.002977596057826215,0.012838750510223873,0.012383186674181035
2024-05-16,0.0006324432208688613,-0.004939927951254197,0.0017812381808797184,-0.0038933433506626036,-0.0020576295872466455
2024-05-17,0.00015805129463819512,-0.0018527066733364794,0.011458463585320544,0.0164977725898805,0.001437372411738913
2024-05-20,0.0061621372659441676,0.012208104396862929,-0.04497291673386128,0.004023937591649318,0.0011522161756216676
2024-05-21,0.006857230447240736,0.008699021167306809,0.020145283657297286,-0.001469548604570936,0.002452605095395022
2024-05-22,-0.007538450453831835,0.003449514169011625,-0.006064680603206529,-0.01837396956557802,-0.0028794869430968095
2024-05-23,-0.021057979165923002,-0.008176166415515329,-0.0070091717652494,-0.019944570339717638,-0.007303985664710799
2024-05-24,0.01658804689904092,0.007400368528816426,0.019246488988746036,0.0009271136061119734,0.0066163985223557376
2024-05-28,5.2591084365172236e-05,0.0003721372658773703,-0.006028801805585293,0.010513172896031486,0.0006987635255537583
2024-05-29,0.0015791843963752772,-0.0026724934315042193,-0.006967284036952126,-0.009303812074716977,-0.007002468664134565
2024-05-30,0.005255056891338095,-0.03378614350909326,0.006158214330303391,0.0018967600627461945,-0.00663366319084413
2024-05-31,0.005018581693662094,0.0011093126027910127,0.016555408877909628,-0.00586417430627717,0.009107956290564934
2024-06-03,0.009258742574002055,-0.0038783660704182488,-0.00399740373365387,0.008917780500373507,0.0008154967486810882
2024-06-04,0.00164928996923841,0.006166604159163702,-0.013180122165574293,-0.008977059834655465,0.0011177736493048762
2024-06-05,0.007820892264638557,0.019083285102091008,-0.009540022367120149,0.011845603201319,0.011885174104464769
2024-06-06,-0.007096448688437729,0.0012027794469930964,-0.001774366694618501,0.007391356612921562,-1.860335325443163e-05
2024-06-07,0.012391991876090858,-0.0015781255974656183,0.015438563175997011,-0.03568330143379639,-0.0012156354791150736
2024-06-10,-0.019147836579684996,0.009484374135882323,-0.0017005106577765439,0.009168181127878317,0.0030894116811612804
2024-06-11,0.07264916951817257,0.011241794287093265,-0.026301212389439277,0.0028566106093961263,0.0024086281670692156
2024-06-12,0.028578445863496782,0.019367568701591065,-0.014560514095156796,0.0026617200115086614,0.008212889316852934
2024-06-13,0.005491103832665489,0.0011789806782511736,0.011120919297283871,-0.008150148984962247,0.0020136161100312577
2024-06-14,-0.008168428153006113,0.0022419733885898907,0.0006195445423708978,0.012959545903254766,0.0006084291445926926
2024-06-17,0.019671497916716074,0.013105285766345176,0.006192667006279073,-0.005191652247571676,0.007958714739954686
2024-06-18,-0.010984613848068037,-0.004527470978371029,0.010360053894691967,0.004007271832187298,0.0025407514488304805
2024-06-20,-0.021512783286704806,-0.0014338983422801377,0.00847719526684787,0.012484347826456466,-0.0027164519263834785
2024-06-21,-0.010444355000034045,0.009154176332495156,-0.011929324972440258,-0.015493238109986152,-0.0013408434812424153
2024-06-24,0.0031326036425365356,-0.004691127010032936,0.013143114123495225,0.003957566385821121,-0.0032506591165430976
2024-06-25,0.004468146354872804,0.007326809803418266,-0.004072777010583839,-0.004962237629221655,0.0038509680282539094
2024-06-26,0.019993214103975365,0.0026832223230326413,-0.0032313057818088575,-0.009228168111804491,0.0012481367231760299
2024-06-27,0.0039860444901147485,0.0015259358687302882,0.008813172809282621,0.011336925587312363,0.0015763442716805187
2024-06-28,-0.01625413473382864,-0.013028573962740597,0.015514443316303472,9.297647872519299e-05,-0.003935055256473308
2024-07-01,0.029104523562551998,0.021881590760153502,0.01577187440643768,0.002604589701363791,0.002058079164826365
2024-07-02,0.016240007188387917,0.0055831308600331475,0.016451733443415106,-4.643394389247657e-05,0.006729703736227055
2024-07-03,0.005811053424749302,0.0032441875336630677,-0.0006704088074551695,0.011273000380832565,0.004462535727543848
2024-07-05,0.021620263111882476,0.014736239758701197,-0.013250532925021874,0.013486798057397165,0.005766634626686251
2024-07-08,0.006538948083326224,-0.002823153362302211,0.0018556446275184157,-0.012402074526820739,0.0011538869331577661
2024-07-09,0.003774774377855783,-0.014370309473194398,0.01199006409830261,0.0016957473442755777,0.0009724420806065392
2024-07-10,0.018803700566016435,0.014601610230316808,0.0008187102975905081,0.0036603361122538036,0.009895247968735532
2024-07-11,-0.023220987549896988,-0.02477202971721315,-0.0016843653535265624,0.017733403441032136,-0.008622478808657075
2024-07-12,0.013050980339261997,-0.0025292680967279324,-0.01209928450503528,-0.0006270969301161999,0.006307466000616824
2024-07-15,0.016743300110270143,0.000903994874985381,0.02493418583591378,0.0032271131671974818,0.0027501526233455476
2024-07-16,0.001791813130770148,-0.009780599095451037,0.016995955625627168,0.019925798233449088,0.0059301644727332015
2024-07-17,-0.025295938004324614,-0.013347580473524134,0.015213911086106702,-0.004643206403117217,-0.014021214751418043
2024-07-18,-0.020534854784360568,-0.007102291865262456,-0.031770235895935306,-0.006381186355259194,-0.007684807726264231
2024-07-19,0.0005799316802006516,-0.007402802371560324,-0.0009523739840335832,-0.017937829186174925,-0.006640680711819669
2024-07-22,-0.001560344306169914,0.013337550116581554,0.00238327939423999,0.00031573231212611574,0.010310021922383727
2024-07-23,0.004688348356172378,0.004312114504237297,0.0002379029411170297,0.003516676143213937,-0.0015685785561234677
2024-07-24,-0.028754296951894243,-0.03585473480377943,-0.008272744998890857,-0.0035043524704835294,-0.022662628952238584
2024-07-25,-0.0048045536724560245,-0.02448124770007576,0.00038360840676610053,-0.01564473026582147,-0.00521020277852291
2024-07-26,0.002160963444060471,0.01641957005734751,0.017108279511137914,0.010534525866662925,0.011199486413505655
2024-07-29,0.0012846424459975747,0.003433305175141621,-0.0065492416341016435,-0.0014050562105476505,0.0005879801425243691
2024-07-30,0.002566058838409102,-0.008928373573319215,0.020583458345180272,0.009985461488319247,-0.0050664433215256155
2024-07-31,0.014990793576195927,-0.010805864140658983,-0.011106475217115386,0.018110725786084414,0.016254361533467154
2024-08-01,-0.01675072066025418,-0.0029640999912898813,-0.022744222186647067,-0.003442943141866439,-0.014160953864680192
2024-08-02,0.006869356072107369,-0.020665866416868628,-0.04241212171652253,-0.0019046282784819235,-0.01861819340417259
2024-08-05,-0.04816705135592936,-0.032656987506028634,-0.02129163556047009,-0.012691935106198704,-0.029123871018155834
2024-08-06,-0.009748080767989054,0.011286909232268716,0.02791176670972484,-0.008000713832612472,0.009219667458147729
2024-08-07,0.01249814571142216,-0.002952950958429512,0.00029947579606415253,-0.0006796279952806517,-0.006684070107614182
2024-08-08,0.016633313191291688,0.010692103912493423,0.018263571356655683,0.015688013635013043,0.02311725677752441
2024-08-09,0.013735951230325671,0.008269274148375638,0.008526858243632196,0.0024552612171107047,0.00440989355719279
2024-08-12,0.007129895153485499,0.0019457477166027193,0.0018950625762201856,0.017144665770273848,0.0005253896067960451
2024-08-13,0.017193158141945775,0.017698737803350406,0.008487282837754018,-0.001532358906807807,0.016445622725722586
2024-08-14,0.002033535319720725,0.006883881245422607,0.01106095444629851,-0.008155751250824572,0.003154694223874266
2024-08-15,0.013530634166631694,0.011823705489123704,0.006230945877866878,0.0031388449312386157,0.017140297237214774
2024-08-16,0.005918537834642024,-0.006080254392118456,0.011439343165029037,0.02238773852658915,0.002242058261246793
2024-08-19,-0.0007078632498803694,0.0073122116969817075,0.006916777906754934,-0.0016380226467286318,0.009561342435775222
2024-08-20,0.0027446925583298754,0.007757608134405292,-0.00431643892333522,0.0036699887797402297,-0.0016260980037141604
2024-08-21,-0.00048552388934552937,-0.0015536921286595229,0.00037293117472225745,-0.0013336178629832496,0.003436505394328604
2024-08-22,-0.008259811446135301,-0.020252842840009944,0.009459409013037323,-0.011975011209935604,-0.007848575016137782
2024-08-23,0.010288167272858306,0.002984031031554979,0.007755130072711225,0.011553425520716143,0.010625423276199752
2024-08-26,0.001498852596203415,-0.007917610464453606,0.003939393504169386,0.0031893380775307456,-0.002383732415233264
2024-08-27,0.003741557237633808,0.0008465024924755316,0.004608265593579297,0.002706671669018279,0.001372948808954444
2024-08-28,-0.006753503508516889,-0.007829171923423583,0.005041325368091876,-0.007026862307456638,-0.005805376544491092
2024-08-29,0.014570115729221955,0.00613743171385539,0.004157467444601437,0.005177980359189593,8.979232223471634e-05
2024-08-30,-0.0034378816356825936,0.009730844423486262,0.011655630503383474,-0.0071260085162319076,0.009545986854430089
2024-09-03,-0.027205180590111788,-0.018459068665931055,-0.02001776247862941,-0.0043235765879541255,-0.02057911931421552
2024-09-04,-0.008618739120429764,-0.0013188845524323423,-0.004403161474778039,0.000607926500195255,-0.002046849001897333
2024-09-05,0.0069277381485040035,-0.001247237290823433,-0.007750797659693109,0.008332306942507639,-0.002432103769760885
2024-09-06,-0.0070150498577075115,-0.016381444747284535,-0.02375588411529117,-0.007402630408956501,-0.016830141776643548
2024-09-09,0.0004076469910347935,0.010007484985825599,0.02047433274129662,0.004205876079289794,0.011196112002403558
2024-09-10,-0.0036214585872571536,0.020901110198599193,-0.051888635647121095,0.004404097525005923,0.0043557340026461056
2024-09-11,0.011585141839513868,0.021342374334783587,0.008124031466531845,-0.001590555949419148,0.010259015989909859
2024-09-12,0.0004940567234399396,0.009360790994615842,-0.003039985293322167,0.017567284525531468,0.008423320002333812
2024-09-13,-0.0012120983573706834,0.008407383410641733,-0.01103594461835411,0.009943683944142245,0.005222650660631434
2024-09-16,-0.02777519410288265,0.0017419484244738381,0.01732581306368064,-8.374817448153493e-05,0.0014770301197930547
2024-09-17,0.0021726197330820263,0.008832883260098345,0.0066871709841809235,-0.0055309113549146804,0.0004085678359677658
2024-09-18,0.01798973294150019,-0.009973614302188683,-0.00821976883173825,-0.007710465405288858,-0.0029658869080358974
2024-09-19,0.03706556320413412,0.018291215935608784,0.01421486427093921,0.01554075728197235,0.017064457265068667
2024-09-20,-0.002927378507596279,-0.007796113759873768,0.0028980783481467043,0.012710660066880486,-0.0017286161618014217
2024-09-23,-0.007581065072062465,-0.004043331173687825,0.0016580389228071368,0.0019404068737312041,0.002498809844647676
2024-09-24,0.003974092786909855,-0.010011274235421586,0.0007093483241340515,0.01396907347432852,0.002861290368756819
2024-09-25,-0.00439815740310423,0.006850285182577576,-0.006616410036487719,-0.001381767735031958,-0.002205401552312858
2024-09-26,0.005080228027190881,-0.0018513763007182993,-0.0019506544757910138,0.005086884066794806,0.003964516805142537
2024-09-27,0.0011866582740847065,-0.007627897361320524,0.00343214353453547,-0.007935830791900744,-0.0014502474973920876
2024-09-30,0.022871886880194037,0.005326902881699569,0.001710127631736169,-0.007999374253898295,0.0040072424185457756
2024-10-01,-0.02914156383745148,-0.022333187233556706,-0.018116242119906034,0.010491249392624136,-0.008958425077819077
2024-10-02,0.002519682712845972,-0.008462300864414019,0.0012074479837980157,0.00020358719772617384,0.00042197356733231217
2024-10-03,-0.004894546245069797,-0.001414422882441868,-0.009937747649578998,-0.0006920058878576718,-0.0018282514422932605
2024-10-04,0.005007405408750554,-0.0011523180518878684,0.03549370739028723,-0.001996030315693287,0.009087499783765551
2024-10-07,-0.022530821994427574,-0.01567086396966444,-0.0013730900176215366,-0.0033877625757333663,-0.009040593668274477
2024-10-08,0.01840399121134695,0.0126238306137747,-0.0008532945101937806,-0.007371925565205384,0.00945763469045513
2024-10-09,0.016698397510348073,0.006631175741615314,0.012669132793405646,-0.005446185963701722,0.0069264785941913765
2024-10-10,-0.0021783227335696598,-0.0038806410301356342,-0.0027177254045996913,0.007342892553628744,-0.0017500005084409853
2024-10-11,-0.0065053949479380035,0.0011544057849091072,0.044399497376336194,0.010913408354139564,0.0059882473969898875
2024-10-14,0.016479926681026935,0.00677362130289394,-0.003643908593859546,-0.001629502157067031,0.008178298787650196
2024-10-15,0.011024600855128686,-0.0009544428319846476,0.0041089020865039405,0.003468359323146597,-0.007769619454740639
2024-10-16,-0.008851822906116524,-0.006256835107004033,0.005620700624000774,0.005001609209081437,0.004346395499720934
2024-10-17,0.0015963420116462679,0.001441943860023498,0.0034876508093528713,0.00598831083503093,8.57220849690421e-05
2024-10-18,0.012276587833240038,0.003455608581478309,0.004233165202797373,0.010618185005034864,0.0038466610025633674
2024-10-21,0.006297809416752509,0.0014826291800598135,-0.010516005380931448,-0.00019900127714245208,-0.00164220652532987
2024-10-22,-0.002621715489902532,0.02084634085170345,0.005022440938857287,0.01078732362833379,-0.0005311549136910454
2024-10-23,-0.021623043087497518,-0.006806905681150166,-0.003167947375058766,-0.012050555849465017,-0.009137478924671094
2024-10-24,-0.0008234222611660513,0.00030616345116585286,0.007027398750721892,0.007693259346016168,0.0021627737629623667
2024-10-25,0.0036431972453290218,0.00805213899533408,-0.011867739879620198,0.0020569789010425055,-0.0003453396636361461
2024-10-28,0.008599489474662825,-0.003643570778356975,0.014349332360665157,3.945407605776552e-05,0.003091420305775028
2024-10-29,0.0011568287509875486,0.01256477876171247,-0.011529911878170318,0.010894858433216914,0.0016183766584478843
2024-10-30,-0.015277975775801034,0.0013426896658594867,0.006774343979220276,0.005505891218995584,-0.003025305742771489
2024-10-31,-0.01820942164001982,-0.06052754108219427,-0.011095706675789407,-0.015495166963743978,-0.019603056427166976
2024-11-01,-0.013279676648444094,0.009892965806669762,0.00459618195319611,-0.0041023758773532926,0.004220564903203661
2024-11-04,-0.004037561216745256,-0.004654373035999693,-0.01417423996953815,0.0014259144001700363,-0.0021540446458775397
2024-11-05,0.006486217676457073,0.007344624432861879,0.007780550254999685,0.002254447895034817,0.01209176864206385
2024-11-06,-0.0032669737018221623,0.02119284398523935,0.11544540041375595,-0.030386729020158154,0.02486556202571788
2024-11-07,0.021372178566067213,0.012494639013231668,-0.04322830511925191,0.016076503855530166,0.007732183971961071
2024-11-08,-0.0011882147854568315,-0.006793137423607543,0.0025381895184144465,-0.006769426092267161,0.004331798955738098
2024-11-11,-0.012028591561573432,-0.010720811036209477,0.00974766725008025,-0.02347155656813127,0.0009528015215081176
2024-11-12,0.0,0.012009237025924824,0.0011282790140818566,-0.008631355179477884,-0.0031063994428538466
2024-11-13,0.0039691582859022745,0.005129754187831015,0.006678984156982537,-0.010081225320474285,0.000485813601166285
2024-11-14,0.013770505362935781,0.003974580617207124,0.0029440404873570802,-0.0026091417886487944,-0.006430128741193086
2024-11-15,-0.014109296202558852,-0.027852657612518872,0.014222558420325937,-0.0017720694429753658,-0.01280865561642519
2024-11-18,0.013422249209323889,0.001831391377353997,-0.001141369713526963,0.019020246289590537,0.0040972809174433245
2024-11-19,0.001140245112069671,0.004882597068637251,-0.00791744767508562,0.008959325127211537,0.0036556892004551145
2024-11-20,0.003154020989376116,-0.005505246122902818,-0.009502662379988425,0.005632045702723465,0.00033876462577286937
2024-11-21,-0.0020960696120325695,-0.004316776538474176,0.016529666352826045,0.008339500390982302,0.00536828621597607
2024-11-22,0.005907536598783958,0.010003203272540562,0.015484590466504189,0.012892210445830665,0.0030994217707922544
2024-11-25,0.01305088708833968,0.004292552611805611,0.007000557509384331,-0.029458856541118794,0.0033921384217381334
2024-11-26,0.009404379438592514,0.021968040983836534,-0.0012785930172685145,0.0019383092584315254,0.0052213833238510254
2024-11-27,-0.0005530149411751006,-0.01168254200413188,-0.0007200280306643991,0.002222714763140843,-0.003029977648515203
2024-11-29,0.010215807549385891,0.001111152219221312,-0.0002802091962512687,0.008624546377060671,0.006212072068949359
2024-12-02,0.009522577464861515,0.017758485495800835,-0.013895582710215182,-0.008754403389975018,0.0017923638451442514
2024-12-03,0.012771833107112718,0.0005104243620728255,-0.005807060780480877,0.002012776164397767,0.00046371527738697793
2024-12-04,0.0014836497506194313,0.014424923384673605,-0.005800246297094636,0.003033679807253664,0.006209636162969989
2024-12-05,0.00012338080028384546,0.0118878581196038,0.008545600714330304,-0.007397709454119217,-0.0016457380995079651
2024-12-06,-0.0008229202409396619,0.0021463465901894185,0.00765849269483998,0.0003705687954560499,0.0018956983045435027
2024-12-09,0.01610118003224148,0.005523306712039933,-0.014351560249497797,0.009919751769426055,-0.00514974269073365
2024-12-10,0.004133784664764217,-0.006031105074930321,-0.003896441123047767,0.01316431251835759,-0.0031088844111054614
2024-12-11,-0.005166121810465163,0.012767059886352516,0.0027587346725110873,0.009533812345188464,0.007730552253017553
2024-12-12,0.005963784413150819,0.0012695372633722002,-0.008212485801352032,-0.014663722649505995,-0.00515260784541649
2024-12-13,0.0006855505870995149,-0.005093961856648455,-0.0065830256874253035,-0.012091578404740733,-0.00019862175109552904
2024-12-16,0.011727652405204347,0.00965865304102631,-0.0015004481212836929,0.002415209844427002,0.004270040192342561
2024-12-17,0.009719616841789014,0.006355239177121996,-0.0050921497320304265,-0.0038386247250202787,-0.0041199389181665325
2024-12-18,-0.021421768297346322,-0.03756099698569171,-0.03352087582848595,-0.01918507783771317,-0.02980351400759329
2024-12-19,0.007014698277349574,-0.0008230631094794383,0.011242883027982042,0.0014210967336203417,-0.0003072632026498434
2024-12-20,0.018815889575554134,-0.0009838271649059704,0.01991763102030708,0.010434056495473909,0.012011085534280097
2024-12-23,0.0030649377249687415,-0.00309214147243031,0.0033249045581884573,-0.004708795377563968,0.0059883732072167906
2024-12-24,0.011478088022709665,0.009373864724391945,0.016443607918763092,0.001992014086009908,0.011114875106224664
2024-12-26,0.003175629272296643,-0.002776921587062553,0.003425282748519054,0.006751179863859091,6.665899388536012e-05
2024-12-27,-0.013242143728976585,-0.017301656063179016,-0.008102230061472926,-0.0068705038771271765,-0.010526606786784742
2024-12-30,-0.013263420600231446,-0.013239433206633233,-0.007670921548855736,-0.0031896811646235923,-0.011411569827867729
2024-12-31,-0.007057864335583752,-0.00783842024206427,0.0016296043288916984,0.006233636577161361,-0.0036380734005933
2025-01-02,-0.026235896572911255,-0.006927663501339887,0.0012097655923970496,0.013587714119632333,-0.002456999875826371
2025-01-03,-0.002009429038061228,0.011395731112941121,0.013666733690057109,-0.007864039973028869,0.012503451621171946
2025-01-06,0.006738933800222391,0.010629489763471556,-0.004875461519907032,-0.0012320959587239777,0.005760606765051746
2025-01-07,-0.011387714496238432,-0.012808275419088577,0.009632511883755912,0.005633435188264313,-0.011304029753303357
2025-01-08,0.0020229084247811446,0.005184972885125205,-0.0001644713250937846,0.005315681488123669,0.0014610354461130903
2025-01-10,-0.024103743996115368,-0.013213544942401567,-0.013408530771239158,0.009558310004399662,-0.015267521600248801
2025-01-13,-0.010344084750700366,-0.004201014096985256,0.018093292864784782,-0.009951255605703757,0.0015504657071625516
2025-01-14,-0.00477817804434344,-0.0036434112803426233,0.01334904095008449,0.005249423200524461,0.0013759758409437328
2025-01-15,0.01967584949558754,0.025597139870547014,0.019719603084763282,0.007488993695735191,0.018189997912380518
2025-01-16,-0.040400149273495556,-0.004058091187746915,0.0076084767093334005,0.006910965874952435,-0.0019231915756813267
2025-01-17,0.007535254651194867,0.010480966213824328,0.019231498473968323,-0.005307269747253374,0.01003993035862405
2025-01-21,-0.03191584279123816,-0.00123526396463014,0.014932777736638148,0.01548521901629396,0.009153481467499613
2025-01-22,0.005344953866827762,0.04130688160628382,-0.0007223105923760409,0.005135652699768123,0.005621495307541968
2025-01-23,-0.0007593880372303019,0.0011428921174210238,0.011832375002019946,-0.0014148699521492336,0.005458085789615819
2025-01-24,-0.0039346339600490055,-0.005932215439985122,-0.00417366659093088,0.006218705580030903,-0.0029193101699653834
2025-01-27,0.031780193427979775,-0.021393449538777753,0.003813507585281428,-0.0104048052682425,-0.014145285573200161
2025-01-28,0.03654404686966739,0.029086888043189374,0.004852450359732474,0.008656417783572623,0.00859228545404056
2025-01-29,0.00461683128234025,-0.010890044984245284,-0.002096454549970206,-0.0038404097330004827,-0.004482899137672081
2025-01-30,-0.0073948219485020505,-0.06180903860268361,0.006189648571336859,0.01514551884715587,0.005367179270601374
2025-01-31,-0.006692095667732989,0.0001686621321865811,-0.003467216329355649,0.0019763991077348386,-0.005321939266718645
2025-02-03,-0.03385597230587034,-0.009974375959238113,-0.001833183863992005,0.005337271410283728,-0.006729604808231482
2025-02-04,0.021007850568216746,0.003528596582160759,0.00423539593672051,0.00984841707528572,0.00670824959480032
2025-02-05,-0.0014175009202245237,0.002231094445473092,0.00929294387946844,0.006209542410714253,0.004054565204691052
2025-02-06,0.0032262139998637807,0.006121461503388659,0.023924949624926972,-0.0026502562908058414,0.003475602610676143
2025-02-07,-0.02396882780573384,-0.01459760505528429,-0.003972566005561395,0.0017841598670260694,-0.009153546965176895
2025-02-10,0.0011874050171847284,0.006028092054758183,-0.017258754858345715,0.016938239196991,0.006791174435053504
2025-02-11,0.021831854672898388,-0.001892166390944361,0.014573258928341604,-0.0036516022155236305,0.0007607049912141672
2025-02-12,0.018270080537830635,-0.005833213818602689,0.0016730088950542843,0.0010471549570203464,-0.003221663968638766
2025-02-13,0.01967330050413918,0.003667093642806707,0.003158426592328789,0.009862831092105617,0.010557593170810842
2025-02-14,0.01271062034444026,-0.005139599514405235,0.0009770494363676718,-0.014871773334245608,-4.917680849980677e-05
2025-02-18,-0.0005314876576546501,0.002962669121909123,0.012148065250005224,0.01656090548123368,0.0029358079808696758
2025-02-19,0.001636168138018812,0.012523100656200548,-0.0025005448727035695,0.000554096378723612,0.0023549011657404417
2025-02-20,0.003920451581851392,0.005290706625309172,-0.044583727885247226,0.0005168326664386491,-0.004160315177827445
2025-02-21,-0.0011389815035128814,-0.01903259855834627,-0.009595275571336215,-0.0009225433005247696,-0.017104080969988833
2025-02-24,0.006312374747486027,-0.010313283020000341,-0.010974768837837434,0.005429568123388684,-0.004550475798734688
2025-02-25,-0.00024284399473972762,-0.015099005285345468,-0.01507614561267645,-0.013188334192659745,-0.0049731455501286215
2025-02-26,-0.027040185366615344,0.004599197961077106,0.005400074087961393,0.0015263333689308212,0.0005048978092221379
2025-02-27,-0.012730873159711109,-0.018012252149772423,0.0010045972107886048,-0.015239958822878874,-0.01596196319285248
2025-02-28,0.019131905122169668,0.011362185077120612,0.02161758609167208,-0.006265820058134697,0.015605548906216127
2025-03-03,-0.015754251313333967,-0.02141109532909491,-0.015227612299613669,0.013180390342641513,-0.017519950294720976
2025-03-04,-0.0088223823459046,0.00030884785246687585,-0.03978972307546624,0.008697635934455272,-0.01183684954808395
2025-03-05,-0.0008052953828132647,0.031934369842304466,0.005114861854253361,0.0020813110966888537,0.010747794523703114
2025-03-06,-0.0017391944176556873,-0.010298651028757821,-0.019838690194454278,-0.005081207410422395,-0.017751024406232996
2025-03-07,0.01589256603004152,-0.009020185329573605,-0.01727902865307196,0.0005219558189655249,0.005604736127810428
2025-03-10,-0.04847955156408401,-0.03343421121068091,-0.0415222442742319,-0.008755937163287819,-0.026635492537345318
2025-03-11,-0.02918934700724396,0.0007629382927840656,-0.013263260640524521,0.011727541035094546,-0.008312900806654588
2025-03-12,-0.01747876781169988,0.007412189930887214,-0.005411672890409558,0.004346793335703092,0.005306633225079294
2025-03-13,-0.03364361039356367,-0.011741132107372043,-0.011891040502944872,0.017756144523255468,-0.013330629059784216
2025-03-14,0.018170583894774106,0.02584687598082147,0.032195006235390844,0.00039975774946587883,0.020655786870662718
2025-03-17,0.002388816946306438,0.000360336389624738,0.00641024059243267,0.0054135329342379634,0.0077114253151358
2025-03-18,-0.006121528964846634,-0.013326462200840217,0.00444575858435492,0.011671955843306048,-0.010808478818586265
2025-03-19,0.011989299247109786,0.011211901529332602,0.017619285625504633,0.004107707999658539,0.010890910906714346
2025-03-20,-0.005296369796450651,-0.002526930712145825,-0.0004181599677763881,-0.0012805854303336028,-0.0028918222670857308
2025-03-21,0.0194768206351692,0.011425921464878863,0.010961866082372707,-0.008049901213267985,0.0003299032828099069
2025-03-24,0.011270452024841005,0.004651577438902432,0.026610925496824978,-0.004452548665506595,0.01790849345962031
2025-03-25,0.013681912241200633,0.005291630611742537,0.012376020758309236,0.004400365088198743,0.002403851551660896
2025-03-26,-0.009921878605060552,-0.013133944989108914,-0.000398145297231256,-0.0008259812019960622,-0.011938272063231614
2025-03-27,0.010472673711788838,0.0015641359750724337,-0.011592310227961922,0.013405732882559862,-0.0026557223426582066
2025-03-28,-0.02658029581236332,-0.030160250366450647,-0.021239671961866158,0.007412123023167849,-0.020138252254996436
2025-03-31,0.019412618437147255,-0.009002025799393687,0.010088546629981598,0.014363222998346137,0.006712768433682514
2025-04-01,0.004771943413171442,0.0181144074018722,-0.006685781055773998,-0.0019782303576065807,0.002824389123523119
2025-04-02,0.0031363286964034565,-0.00013076780573539892,0.008864927192202332,0.0020516615880092903,0.006328496838377884
2025-04-03,-0.09245607048480542,-0.023630156307198336,-0.06968524506426743,-0.006038278082531101,-0.049280920296752906
2025-04-04,-0.07288742745362853,-0.035565904592512854,-0.07483831932353868,-0.02339226273628292,-0.05854290921310368
2025-04-07,-0.0367342786061855,-0.005502406616742839,0.01978322715912495,-0.02148580630415131,-0.0017811920142971616
2025-04-08,-0.049818154997102404,-0.009221474734242618,0.011331759216443915,0.005443793790763651,-0.015662758816759825
2025-04-09,0.15328847459654016,0.10133686604106673,0.08055518909809045,0.03699125081478161,0.10501934425982218
2025-04-10,-0.042393726837042345,-0.023406485069170535,-0.03085254065959353,0.0244235794430141,-0.043819074133873315
2025-04-11,0.04059436926686022,0.018618040238158606,0.04002454674607048,0.019086664805096243,0.017842789344293175
2025-04-14,0.02205407661995684,-0.0016475946489872273,-0.006265862623403118,-0.005705977012200658,0.009701463709846259
2025-04-15,-0.001876367594633943,-0.0053633813244883255,-0.006773969760920262,0.005232379352138938,-0.0028008927240665837
2025-04-16,-0.038933417075920684,-0.036605968068710304,-0.015098876925615623,0.0325408102664011,-0.022228012511592343
2025-04-17,0.013949665806890499,-0.0103065155380615,0.010234770318884312,-0.004390692094044635,0.001426788735072071
2025-04-21,-0.019392891310289984,-0.02354668619772804,-0.012803964810816137,0.03093558529908469,-0.023802682617838022
2025-04-22,0.034065110587777614,0.021441395531364815,0.028822212550100534,-0.014195668551963636,0.026017800640849797
2025-04-23,0.02433168803229968,0.020636836410287573,0.022454267660646288,-0.023978630729734163,0.015495409403611937
2025-04-24,0.018426088780694405,0.03448262041249417,0.015609405593180137,0.014556277018207942,0.021048964021112893
2025-04-25,0.004367221263343435,0.0117480834781436,-0.004455477002182628,-0.010841679678267213,0.0072253411988509875
2025-04-28,0.004109375580146679,-0.001760842828736786,-0.0013549544051105755,0.01424210344049559,0.0003812613395985931
2025-04-29,0.005091821959763321,0.007362691718169723,0.005756059943142544,-0.009738925467677184,0.006299446880281057
2025-04-30,0.006107664653832723,0.0030961157495594804,0.0,-0.007482221012837353,0.0003968915770615755
2025-05-01,0.0038588738658813515,0.07625354383320349,0.0092796907496151,-0.02077228754256477,0.007086862410970118
2025-05-02,-0.037361741757710676,0.023225257389123177,0.022763174694462318,0.0017481999132260562,0.014844172407353584
2025-05-05,-0.03145849927117084,0.002044639585663255,0.00019805398234029603,0.029867754776654154,-0.0057344293644374655
2025-05-06,-0.0019106906696092496,-0.006557060985279972,-0.013105820102915167,0.02802400275899264,-0.008358276461693515
2025-05-07,-0.011384763377168206,9.230058356446413e-05,0.0005616929835725593,-0.014993060801348546,0.0042054650283336326
2025-05-08,0.006318533035958307,0.011122677849317864,0.01635995483773245,-0.0196942722998793,0.006967831538101654
2025-05-09,0.0052660880535218,0.0012780152924320998,-0.0015386175187587225,0.007254674259445482,-0.001274180256365609
2025-05-12,0.06314616899655467,0.024001129662010845,0.027540611436334794,-0.028190568373488878,0.03304749437232446
2025-05-13,0.010152280585241868,-0.0002670709494630996,0.01138251958188663,0.004258992599597278,0.006603929737784453
2025-05-14,-0.0028178257737542234,0.008460528771286668,0.00999965555596427,-0.021037827999516923,0.0012780410929227326
2025-05-15,-0.004144470399044975,0.0022561216289509467,0.006964165697890934,0.015963953531585195,0.00488426803519082
2025-05-16,-0.0008985774907133148,0.0025158200042567636,0.0002617245273319746,-0.012087047232674286,0.00633397907497657
2025-05-19,-0.01173908704907789,0.010126108524079136,-0.010016405327326283,0.012880671121226372,0.001093923040050182
2025-05-20,-0.00919624836148425,-0.0015254229836257904,0.0030201783792127568,0.0186222454642182,-0.0033621834492569835
2025-05-21,-0.023059121838798324,-0.012222561367165596,-0.017464567683463383,0.007378683875855163,-0.016850751844510237
2025-05-22,-0.0036122485818445016,0.0050599524837939835,-0.0014173302889515238,-0.008861493387459118,0.00039462434647918876
2025-05-23,-0.03024427887573744,-0.010288843235963574,0.00015331777538163394,0.021906288045034472,-0.006825771490515775
2025-05-27,0.025298317070217013,0.023346185665684027,0.017567500006796077,-0.016949152542372836,0.020790615576653737
2025-05-28,0.0010488254734115632,-0.007228264612688884,-0.00678507325697808,-0.0022660178699712707,-0.005785368979003946
2025-05-29,-0.00234507522388816,0.0028861443683056986,0.003339815562284576,0.0059247154716217665,0.003947384500045503
2025-05-30,0.004501160816033689,0.0036626247995799055,-0.0013995941549926894,-0.006576942326457891,-0.0011184703661530904
2025-06-02,0.00423197959474253,0.003497336510424276,0.0024999935804823625,0.026581051258171673,0.005632879250749179
2025-06-03,0.007783846649397574,0.0021646280560383424,0.006083216973815864,-0.008855551213511115,0.005702616355661272
2025-06-04,-0.002213746602105271,0.0019439176907138922,-0.007698850518846112,0.006441974072654677,-0.00026846867813934416
2025-06-05,-0.010797740805414291,0.008213496477298854,-0.008591258859429574,-0.00504987891618125,-0.004832806844400794
2025-06-06,0.01639826694665114,0.005773218004487157,0.014430142755744058,-0.013416073696802311,0.010269010608102258
2025-06-09,-0.012112562253018933,0.005038498867470098,0.0038007756703972717,0.004718534884218695,0.0009013027856885625
2025-06-10,0.00605607184084711,-0.003870966156736544,0.006973222451502892,0.000293510988597534,0.005669603780814159
2025-06-11,-0.019193760456297837,0.0036099435659899815,-0.0016753648972049895,0.005412290790508978,-0.00285195175326991
2025-06-12,0.002112895022762018,0.01322416250280134,0.00033554336133789775,0.0124202002480438,0.003974284235328973
2025-06-13,-0.013805244367089187,-0.008165080510427192,-0.012265165407020606,0.013100564311248064,-0.011180107804297013
2025-06-16,0.010028031208825672,0.008800777142615956,0.02041890796157264,-0.01425909653729851,0.009514208796833623
2025-06-17,-0.014010719296581597,-0.0022958026862665015,-0.003107012598439707,0.0005131941200071655,-0.008545033277707503
2025-06-18,0.004804743182752258,0.0046021071052808615,0.01647386770098458,-0.005385627565021256,-0.00015070747760781433
2025-06-20,0.02248450514132916,-0.005913685323681417,0.003796147839549846,-0.00041901914110908933,-0.002348596298099359
2025-06-23,0.00248757334336136,0.01801422469496128,0.011890945101666217,0.0030631724583116693,0.009877480029380825
2025-06-24,-0.005955331300461331,0.008456762142235563,0.010744980914052515,-0.015719378751237634,0.011047279574515567
2025-06-25,0.0062905831155934955,0.004407191762580975,0.00995512262971765,0.003037305817845004,0.0005603188542100401
2025-06-26,-0.0027783626191049127,0.010522701831922499,0.016510586007835615,-0.0011070472235482631,0.007823840449262098
2025-06-27,0.00039801477495893245,-0.003035451888013796,-0.0056796426700883584,-0.018123728993798327,0.004968310006379761
2025-06-30,0.020340134193924886,0.002964074054145005,0.009752390445922243,0.01198454729743359,0.004781209119572027
2025-07-01,0.012916154224275056,-0.010775866174716486,0.001724614023813853,0.008923010663382636,-0.0003236298209773336
2025-07-02,0.022230770203315764,-0.001950980777077449,0.005475182891607977,0.005527596405484614,0.004533275199175568
2025-07-03,0.005225041050401336,0.01578120791675297,0.01858212743145793,-0.006822911403597365,0.007881351217300603
2025-07-07,-0.016857939297312052,-0.0022452133265176144,-0.0136148522647217,0.000748780548875283,-0.007451911689688506
2025-07-08,0.0002858039892503772,-0.0022100998850178577,-0.03147584325317632,-0.010443411868664265,-0.0005477706277796646
2025-07-09,0.005380715910463962,0.013873849785578818,0.0013438447906981565,0.004471282664348264,0.005996615280215112
2025-07-10,0.006014939675876629,-0.004031705316035028,0.017763852932114466,0.0022257895319868215,0.0028203284907413195
2025-07-11,-0.005884835805047839,0.0036691290886827765,-0.004615161484364139,0.009601575193336043,-0.003515471310904239
2025-07-14,-0.012028812490351148,-0.000596086828139053,0.006414449578479475,-0.0036553174266280575,0.0019082079637526839
2025-07-15,0.0023488240612374867,0.00556639023300276,-0.007447246501936622,-0.004155705135267751,-0.004273266498076467
2025-07-16,0.0050212956703405975,-0.00039540699393569856,-0.002547558437330566,0.004988096125243757,0.00334324975208955
2025-07-17,-0.0006661853268702389,0.012024873520068091,0.014274761395282276,-0.0021735334020257513,0.006119653171936301
2025-07-18,0.005523241182089356,-0.0032245775907299157,0.004725665662063339,0.002600924347578637,-0.0007323592062571382
2025-07-21,0.0061558702516160135,1.9597398712045688e-05,-0.0010298840080238403,0.015370115792427752,0.0018961671248525214
2025-07-22,0.009036182474420285,-0.009391045243034468,0.0015808818686022796,0.009484882235462067,0.00014308956258002326
2025-07-23,-0.0011660856188711044,0.0011875122281272965,0.018289186736291096,-0.01240118112003663,0.008507549960310445
2025-07-24,-0.0018211487803653226,0.009903715255829226,-0.0007077472124121797,-0.006118276977772341,0.000331011779483692
2025-07-25,0.0005614197975087887,0.005539566378135463,0.006980316607439141,-0.0092499926477293,0.0042243578976959295
2025-07-28,0.0007948746335069146,-0.0023555209851178205,-0.0011385485298224252,-0.00647361832754334,-0.000251119494356411
2025-07-29,-0.012987651582609505,0.00013658563818119696,-0.004157092554039066,0.002750389076383808,-0.002637609180098366
2025-07-30,-0.010507881543836084,0.0013071070651766714,0.008719311730002621,-0.017273497289540862,-0.0012593305691198653
2025-07-31,-0.007079622090835236,0.03947470453976676,-0.011314048540478794,0.0066454015709211944,-0.0037512107798256533
2025-08-01,-0.0250035932739211,-0.01760072001226609,-0.023190554755137205,0.020299689958884537,-0.016390431365516545
2025-08-04,0.004792974350137147,0.021999259295981233,0.01689875161611676,0.005823229257701401,0.015199795788522152
2025-08-05,-0.0021146907604691068,-0.014730087451690799,-0.00982131505284678,0.0008040912066364925,-0.005069964619629497
2025-08-06,0.05090680618623611,-0.0053244351410633994,-6.851608886171423e-05,-0.00212110700071233,0.0076596842911853535
2025-08-07,0.03179364268982976,-0.007810398227357296,-0.015136462140372453,0.008437987494967825,-0.0008376210633260772
2025-08-08,0.04235792328538146,0.002303907839930286,0.006342765849460363,-0.00022357985855403495,0.007797567971946862
2025-08-11,-0.008337416841468825,-0.0005171525785138131,0.0027704064055678046,-0.014374701087597641,-0.001977485842922677
2025-08-12,0.010872441677679756,0.014316580058936212,0.011362159706303387,-0.0009074665058316222,0.010646088630271056
2025-08-13,0.01602441991019199,-0.016363020350273483,-0.007922149441431658,0.0030492830145867345,0.0034230982805847354
2025-08-14,-0.0023571895917441354,0.003649715185283675,0.0124943701342628,-0.006338706734070332,9.300854748550691e-05
2025-08-15,-0.005112133549474374,-0.004421230659529152,-0.012476232483657146,0.0005858183101099534,-0.0023412249756729064
2025-08-18,-0.0030225698834628334,-0.005901995633061485,0.0035801747375252546,-0.0015612675411803556,-0.00021763582620526467
2025-08-19,-0.001429259958971918,-0.014175136000177835,-0.002984231225430345,-0.005473279447945512,-0.005425144902516887
2025-08-20,-0.019734572779050663,-0.00794472392905854,0.005435909901663427,0.010122175284489776,-0.0026570585531485724
2025-08-21,-0.004911289931109564,-0.0012874574564821772,-0.0026347907597954467,-0.0034698951143765644,-0.004011840141401879
2025-08-22,0.012716766064777785,0.005929757278004377,0.016365201143015762,0.01070642694476942,0.015356803532182273
2025-08-25,-0.0026343118159346535,-0.0058553341804989945,-0.004523289620760429,-0.0024148368614391735,-0.004401088516101992
2025-08-26,0.009464667467088184,-0.004402493114088024,0.01244492556046728,0.007262047243691283,0.004187051216404392
2025-08-27,0.00514590705653295,0.00936176720870363,0.0023779280781519585,0.0020187288833615202,0.002278514804511911
2025-08-28,0.008980832210059075,0.005722904191400424,0.005981130523019074,0.007419038046796889,0.0035413784731703757
2025-08-29,-0.00180597769760249,-0.005788423440546087,0.0011624885627850023,0.00964990177666114,-0.005963682184690233
2025-09-02,-0.010424735828844955,-0.0030985559546348185,-0.005706295482088786,0.023642559312442524,-0.00741027850099818
2025-09-03,0.038089848308826335,0.0004553590999198942,-0.0006339879767393031,0.007831992196408066,0.0054195601815894
2025-09-04,0.005493343195739575,0.005184515851476723,0.014390192958637638,-0.004418882618094533,0.008357390788786612
2025-09-05,-0.00037532879451496193,-0.025533006259296664,-0.03107109660479279,0.01334594055214322,-0.0028962514584031096
2025-09-08,-0.007551410322323426,0.006464671125315569,-0.004993555442518116,0.011388067271604019,0.002456628855379561
2025-09-09,-0.014839409394815983,0.00042150030094911806,0.01686527660127779,-0.002269905468609168,0.002311848648811843
2025-09-10,-0.03225949486019408,0.003932488193810091,0.009031448219285032,0.0035922056391106683,0.00289086266421279
2025-09-11,0.014286368839370622,0.0012790827881028477,0.01670321601624747,-0.0014913797811720864,0.00831022877152554
2025-09-12,0.017562963814985233,0.017744124783092063,0.0044181403586278645,0.0019715725978484144,-0.0003345797943027362
2025-09-15,0.011235910376080627,0.010707965327386493,0.006483902651533757,0.01040483601055886,0.005323880160421179
2025-09-16,0.0061258849469238985,-0.012263227620067041,0.000938840642497718,0.0020064107533963593,-0.0013768692449287467
2025-09-17,0.0035272375318422533,0.001925154118143313,0.008279676933909075,-0.007715171664187115,-0.0012423560605266948
2025-09-18,-0.0046445482440198305,-0.003078265245401113,0.004747492105793061,-0.0040063094596702875,0.004672452908252023
2025-09-19,0.03203293660995743,0.01864486230927631,0.004948375124898874,0.010607227252210416,0.004952835223685836
2025-09-22,0.04309566831880085,-0.0067190170833154594,-0.007433749843884008,0.01730643093326134,0.004731075170536503
2025-09-23,-0.006443275472520216,-0.010146760806378219,0.0009601020758698287,0.004086375052867464,-0.005443591771073009
2025-09-24,-0.008332331793480807,0.0018066156556137969,0.002174483898366386,-0.009063049726670935,-0.0031815658943793457
2025-09-25,0.018072995928489766,-0.0061158387817614734,9.569042796320204e-05,0.004165188877066628,-0.004613504621998388
2025-09-26,-0.005489112898051984,0.00873714116807034,0.008326618686454568,0.00577227044053652,0.0057290777314567
2025-09-29,-0.004031997224675621,0.006139256605245391,-0.0011706152575265971,0.016496514338703028,0.0028104096748033935
2025-09-30,0.0007861188255666729,0.006509982083227506,-0.0008236452133915106,0.008540004081594166,0.003766875644270362
2025-10-01,0.003220327729275496,0.0033980301653540046,-0.014963734208879198,0.0015753722020723782,0.0034075168215907947
2025-10-02,0.00657666061710982,-0.007638936272985952,-0.010170266040997467,-0.003482825151325697,0.0011518565068935338
2025-10-03,0.0034612223931820285,0.003121699658835464,0.00806378357886528,0.008032937892485048,-1.4866158967619114e-05
2025-10-06,-0.005154587353288997,0.021687508007657064,0.0021067445598679235,0.01884573861512795,0.003586263355458641
2025-10-07,-0.0008180741481198517,-0.008683857940984696,-0.004819167700600424,0.005159462258136571,-0.003707494362329311
2025-10-08,0.006160271773966164,0.0016603594595525628,-0.011895101020730658,0.01649095687844504,0.005963041402874625
2025-10-09,-0.015577789314472068,-0.004667907565661822,0.004933723665502043,-0.018452848086064955,-0.0028970186885769467
2025-10-10,-0.034522080166306646,-0.021898990092536486,-0.015186672828847558,0.010097700011942212,-0.027027764376787222
2025-10-13,0.009744360696440912,0.0060474330467461535,0.023530147986259742,0.02430104394061705,0.015344029580113494
2025-10-14,0.0004441597703503941,-0.00093372333459385,-0.01912528696006499,0.007141189222626965,-0.0012216421112398734
2025-10-15,0.0063364896410271765,-0.0002726301116511287,0.011950529759034545,0.017332403569977117,0.00443954899070742
2025-10-16,-0.007580008893106838,-0.0035448013364658415,-0.023389688375087925,0.02338727694573084,-0.006810241559458086
2025-10-17,0.019559492412937862,0.003850651462417254,-0.003282678898230973,-0.01881705572696646,0.0056763137515907225
2025-10-20,0.03943873008454002,0.006250167122328731,0.016131159538753437,0.03640197438905224,0.010400477117627371
2025-10-21,0.002021044840732289,0.0016834597306014665,-0.017429518682984146,-0.06426889260666147,-1.4911017141350236e-05
2025-10-22,-0.016440145325788524,0.0055635069973014595,-0.010030667552127337,0.00010605594835544352,-0.005198930936866852
2025-10-23,0.004372119604812541,3.8459161822324006e-05,0.0014621169452826432,0.004002358382396931,0.005929952148911788
2025-10-24,0.012481781799657865,0.00585905142014953,0.020031213843006768,-0.0033528327110016187,0.008172546972973871
2025-10-27,0.02279122619072771,0.015106729055933688,0.012348526910299418,-0.027839530498784404,0.011797696913067535
2025-10-28,0.0007068280314419528,0.019848712005754443,0.003978272166232255,-0.007166030388359279,0.002656014462314449
2025-10-29,0.0026022758625696696,-0.0009593217190099201,0.0004913034492379786,-0.0037872684129753864,0.00048033227231458753
2025-10-30,0.006303231785351748,-0.029157009294181968,0.01286371166298661,0.01964188672951095,-0.010998119550020391
2025-10-31,-0.0037951319176879883,-0.015120990678951118,0.005429138645703491,-0.005430550723012573,0.0032802030105936186
2025-11-03,-0.0048822256465500535,-0.0015062827396076228,-0.00568908794500711,0.0017929035935666526,0.0018767107020742912
2025-11-04,0.003122196222194784,-0.007804254977558767,0.0015839347816628546,-0.010955064152868288,-0.009146251872235056
